1,8a,rmsd
32,-1,18.10873031616211
33,-1,17.990137100219727
34,-1,17.898357391357422
35,-1,17.893857955932617
36,-1,17.896047592163086
37,-1,17.8768367767334
38,-1,17.843812942504883
39,-1,17.847373962402344
40,-1,17.861982345581055
41,-1,17.829532623291016
42,-1,17.738365173339844
43,-1,17.739543914794922
44,-1,17.744909286499023
45,-1,17.537839889526367
46,-1,17.24647331237793
47,-1,17.053049087524414
48,-1,16.87654685974121
49,-1,16.188804626464844
50,-1,15.02056884765625
51,-1,14.041186332702637
52,-1,18.10873031616211
53,-1,17.990137100219727
54,-1,17.898357391357422
55,-1,17.893857955932617
56,-1,17.896047592163086
57,-1,17.8768367767334
58,-1,17.843812942504883
59,-1,17.847373962402344
60,-1,17.861982345581055
61,-1,17.829532623291016
62,-1,17.738365173339844
63,-1,17.739543914794922
64,-1,17.744909286499023
65,-1,17.537839889526367
66,-1,17.24647331237793
67,-1,17.053049087524414
68,-1,16.87654685974121
69,-1,16.188804626464844
70,-1,15.02056884765625
71,-1,14.041186332702637
72,-1,12.916471481323242
73,-1,11.369589805603027
74,-1,10.064566612243652
75,42,9.465795516967773
76,42,8.360370635986328
77,42,6.769556522369385
78,42,6.264130592346191
79,43,6.189540863037109
80,42,5.444977283477783
81,42,4.869424819946289
82,43,4.708524703979492
83,44,4.54027795791626
84,45,4.495538711547852
85,46,4.375249862670898
86,47,4.169053554534912
87,48,4.041521072387695
88,49,4.364051342010498
89,50,4.663987636566162
90,51,4.764142036437988
91,52,4.7011213302612305
92,53,4.896728038787842
93,54,5.161067485809326
94,55,5.47684907913208
95,56,5.689812660217285
96,57,5.992142200469971
97,58,6.215145587921143
98,59,6.267494201660156
99,60,6.270081996917725
100,61,6.2722697257995605
101,62,6.274026870727539
102,63,6.279220104217529
103,64,6.286368370056152
104,65,6.289170265197754
105,66,6.293503284454346
106,67,6.296603202819824
107,68,6.297543048858643
108,69,6.300887584686279
109,70,6.3058013916015625
110,71,6.3050360679626465
111,72,6.302000045776367
112,73,6.304432392120361
113,74,6.306374549865723
114,75,6.304194927215576
115,76,6.3028130531311035
116,77,6.305954456329346
117,78,6.3072896003723145
118,79,6.305866718292236
119,80,6.306144714355469
120,81,6.302107810974121
121,82,6.30128288269043
122,83,6.280340194702148
123,84,6.270424842834473
124,85,6.266746520996094
125,86,6.256991863250732
126,87,6.241959095001221
127,88,6.223858833312988
128,89,6.154376983642578
129,90,5.801955223083496
130,91,5.531883716583252
131,92,5.425251483917236
132,93,5.369426727294922
133,94,5.138880729675293
134,95,4.8209333419799805
135,96,4.409148216247559
136,97,4.075293064117432
137,98,3.5207927227020264
138,99,3.1168227195739746
139,100,3.124810218811035
140,101,3.2684550285339355
141,102,3.4042534828186035
142,103,3.4568593502044678
143,104,3.4584243297576904
144,105,3.4247751235961914
145,106,3.4284517765045166
146,107,3.4246511459350586
147,108,3.407433032989502
148,109,3.3837015628814697
149,110,3.3780436515808105
150,111,3.380220651626587
151,112,3.384567975997925
152,113,3.3722987174987793
153,114,3.412212610244751
154,115,3.4302308559417725
155,116,3.454639196395874
156,117,3.513875961303711
157,118,3.612886428833008
158,119,3.667548418045044
159,120,3.711711883544922
160,122,3.7522644996643066
161,123,3.73305344581604
162,124,3.7055165767669678
163,125,3.6424500942230225
164,126,3.5940308570861816
165,127,3.5801191329956055
166,128,3.571770429611206
167,129,3.5425572395324707
168,130,3.5130810737609863
169,131,3.47761607170105
170,132,3.479745864868164
171,133,3.3728067874908447
172,134,3.30143404006958
173,135,3.295189380645752
174,136,3.3302388191223145
175,137,3.3552751541137695
176,138,3.385725498199463
177,139,3.441546678543091
178,140,3.4671990871429443
179,141,3.4168176651000977
180,142,3.268911361694336
181,143,3.2082340717315674
182,144,3.0566892623901367
183,145,3.041043758392334
184,146,2.9445838928222656
185,147,2.9856927394866943
186,148,3.009420871734619
187,149,3.021261215209961
188,150,3.035269021987915
189,151,3.046863079071045
190,152,3.050426959991455
191,153,3.0541205406188965
192,154,3.045524835586548
193,155,2.9276509284973145
194,156,2.9026176929473877
195,157,2.894251585006714
196,158,2.892011880874634
197,159,2.8873183727264404
198,160,2.8811185359954834
199,161,2.8737475872039795
200,162,2.8682148456573486
201,163,2.860173225402832
202,164,2.8509151935577393
203,165,2.8392562866210938
204,166,2.8401107788085938
205,167,2.8402605056762695
206,168,2.8297667503356934
207,169,2.8109610080718994
208,170,2.8053841590881348
209,171,2.773238182067871
210,172,2.7681031227111816
211,173,2.6942079067230225
212,174,2.687561511993408
213,175,2.607248306274414
214,176,2.5095860958099365
215,177,2.383087396621704
216,178,2.306771993637085
217,179,2.2334132194519043
218,180,2.1281228065490723
219,181,2.021451234817505
220,182,1.9684643745422363
221,183,1.916370153427124
222,184,1.851638674736023
223,185,1.814645528793335
224,186,1.8116626739501953
225,187,1.80797278881073
226,188,1.798577904701233
227,189,1.8457810878753662
228,190,1.9297734498977661
229,191,2.004429578781128
230,192,2.0840508937835693
231,193,2.2033286094665527
232,194,2.319121837615967
233,195,2.413649320602417
234,196,2.55185604095459
235,197,2.6756298542022705
236,198,2.7995779514312744
237,199,2.9402999877929688
238,200,3.0158321857452393
239,201,3.151092529296875
240,202,3.5593178272247314
241,203,4.172468185424805
242,204,4.676492214202881
243,205,5.037861347198486
244,206,5.731805801391602
245,207,6.55636739730835
246,208,6.914115905761719
247,209,7.1927289962768555
248,210,7.305954456329346
249,211,7.4635329246521
250,212,7.762031555175781
251,213,8.134389877319336
252,214,8.557802200317383
253,215,9.057265281677246
254,216,9.537678718566895
255,217,9.835180282592773
256,-1,10.083989143371582
257,-1,10.293987274169922
258,-1,10.374054908752441
259,-1,10.542465209960938
260,-1,10.784268379211426
261,-1,10.92786693572998
262,-1,11.01248550415039
263,-1,11.104314804077148
264,-1,11.126261711120605
265,-1,11.12559700012207
266,-1,11.171926498413086
267,-1,11.230975151062012
268,-1,11.25842571258545
269,-1,11.287124633789062
270,-1,11.314199447631836
271,-1,11.332115173339844
272,-1,11.352839469909668
273,-1,11.381875991821289
274,-1,11.389206886291504
275,-1,11.4170503616333
276,-1,11.429293632507324
277,-1,11.438321113586426
278,-1,11.452889442443848
279,-1,11.465744972229004
280,-1,11.480782508850098
281,-1,11.378271102905273
282,-1,11.1793851852417
283,-1,11.017905235290527
284,-1,10.869217872619629
285,-1,10.522079467773438
286,-1,10.040782928466797
287,248,9.674098014831543
288,249,9.412186622619629
289,250,9.316194534301758
290,251,9.191747665405273
291,252,9.100447654724121
292,253,8.966053009033203
293,254,8.669665336608887
294,255,8.427814483642578
295,256,7.925830364227295
296,257,7.5274553298950195
297,258,7.202465534210205
298,258,6.81135368347168
299,259,6.533045291900635
300,260,6.420568466186523
301,261,6.2622389793396
302,262,5.936879634857178
303,263,5.849880218505859
304,264,5.912608623504639
305,265,6.222814559936523
306,266,6.4396748542785645
307,267,6.675659656524658
308,268,6.833086013793945
309,270,7.035868167877197
310,271,7.079257011413574
311,272,7.2673726081848145
312,273,7.506502628326416
313,274,7.7451252937316895
314,275,7.950986385345459
315,275,8.375844955444336
316,276,8.955726623535156
317,278,9.477754592895508
318,-1,10.016376495361328
319,-1,10.382678031921387
320,-1,10.68875789642334
321,-1,10.7885103225708
322,-1,10.752392768859863
323,-1,10.767946243286133
324,-1,10.795879364013672
325,-1,10.764671325683594
326,-1,10.703941345214844
327,-1,10.571046829223633
328,-1,10.42518138885498
329,-1,10.255243301391602
330,-1,10.049215316772461
331,297,9.856010437011719
332,299,9.476846694946289
333,300,8.851822853088379
334,302,8.197636604309082
335,302,7.517292022705078
336,303,7.099777698516846
337,304,6.732365608215332
338,305,6.155516147613525
339,306,5.8177809715271
340,307,5.692019462585449
341,308,5.425242900848389
342,309,5.331812858581543
343,310,5.225940227508545
344,311,5.226317405700684
345,312,5.236628532409668
346,313,5.113841533660889
347,314,5.050381183624268
348,315,5.090091228485107
349,316,5.023229122161865
350,-1,10.049215316772461
351,317,9.856010437011719
352,319,9.476846694946289
353,320,8.851822853088379
354,322,8.197636604309082
355,322,7.517292022705078
356,323,7.099777698516846
357,324,6.732365608215332
358,325,6.155516147613525
359,326,5.8177809715271
360,327,5.692019462585449
361,328,5.425242900848389
362,329,5.331812858581543
363,330,5.225940227508545
364,331,5.226317405700684
365,332,5.236628532409668
366,333,5.113841533660889
367,334,5.050381183624268
368,335,5.090091228485107
369,336,5.023229122161865
