5a,8a,rmsd
44,-1,16.509660720825195
45,-1,16.477853775024414
46,-1,16.421613693237305
47,-1,16.414806365966797
48,-1,16.41810417175293
49,-1,16.365461349487305
50,-1,16.352676391601562
51,-1,16.382909774780273
52,-1,16.412755966186523
53,-1,16.39739990234375
54,-1,16.393962860107422
55,-1,16.437231063842773
56,-1,16.393857955932617
57,-1,16.36869239807129
58,-1,16.380807876586914
59,-1,16.148746490478516
60,-1,15.330918312072754
61,-1,14.24640941619873
62,-1,13.549971580505371
63,-1,12.744234085083008
64,-1,16.509660720825195
65,-1,16.477853775024414
66,-1,16.421613693237305
67,-1,16.414806365966797
68,-1,16.41810417175293
69,-1,16.365461349487305
70,-1,16.352676391601562
71,-1,16.382909774780273
72,-1,16.412755966186523
73,-1,16.39739990234375
74,-1,16.393962860107422
75,-1,16.437231063842773
76,-1,16.393857955932617
77,-1,16.36869239807129
78,-1,16.380807876586914
79,-1,16.148746490478516
80,-1,15.330918312072754
81,-1,14.24640941619873
82,-1,13.549971580505371
83,-1,12.744234085083008
84,-1,11.408956527709961
85,-1,10.107575416564941
86,42,9.498519897460938
87,42,8.371395111083984
88,42,6.7819743156433105
89,42,6.288323402404785
90,43,6.215322017669678
91,42,5.444636344909668
92,42,4.881157398223877
93,43,4.721004009246826
94,44,4.557670593261719
95,45,4.508358955383301
96,46,4.38674259185791
97,47,4.183622360229492
98,48,4.059805393218994
99,49,4.373779773712158
100,50,4.662507057189941
101,51,4.758002281188965
102,52,4.690698146820068
103,53,4.879192352294922
104,54,5.144482135772705
105,55,5.464091777801514
106,56,5.6826171875
107,57,5.979353904724121
108,58,6.20253324508667
109,59,6.253593444824219
110,60,6.257402420043945
111,61,6.260823726654053
112,62,6.2629804611206055
113,63,6.268311500549316
114,64,6.275918960571289
115,65,6.278625011444092
116,66,6.282774925231934
117,67,6.28489875793457
118,68,6.285573959350586
119,69,6.288401126861572
120,70,6.292903900146484
121,71,6.291905879974365
122,72,6.28817892074585
123,73,6.2902326583862305
124,74,6.292067050933838
125,75,6.289216041564941
126,76,6.287019729614258
127,77,6.289323329925537
128,78,6.290115833282471
129,79,6.288618087768555
130,80,6.289215564727783
131,81,6.286885738372803
132,82,6.286738872528076
133,83,6.26540994644165
134,84,6.25549840927124
135,85,6.251161098480225
136,86,6.240880489349365
137,87,6.226218223571777
138,88,6.20739221572876
139,89,6.139106750488281
140,90,5.788110733032227
141,91,5.525023937225342
142,92,5.42149019241333
143,93,5.369718074798584
144,94,5.14654016494751
145,95,4.830715179443359
146,96,4.410698890686035
147,97,4.070461273193359
148,98,3.526155471801758
149,99,3.113795280456543
150,100,3.123912811279297
151,101,3.2709391117095947
152,102,3.4720101356506348
153,103,3.7020983695983887
154,104,3.6772351264953613
155,105,3.705047130584717
156,106,3.654221296310425
157,107,3.5996029376983643
158,108,3.555203437805176
159,109,3.511223554611206
160,110,3.470085859298706
161,111,3.431915521621704
162,112,3.402082681655884
163,113,3.384812831878662
164,114,3.449608325958252
165,115,3.438796281814575
166,116,3.4206783771514893
167,117,3.415186882019043
168,118,3.4171106815338135
169,119,3.424166202545166
170,120,3.4322547912597656
171,121,3.442847490310669
172,122,3.460967779159546
173,123,3.481593132019043
174,124,3.4985382556915283
175,125,3.5063538551330566
176,126,3.516895294189453
177,127,3.541757822036743
178,128,3.5762441158294678
179,129,3.591247320175171
180,130,3.6118741035461426
181,131,3.621375560760498
182,132,3.614675521850586
183,133,3.583306074142456
184,134,3.5795559883117676
185,135,3.576007604598999
186,136,3.7395081520080566
187,137,4.138211250305176
188,138,4.565655708312988
189,139,5.033974647521973
190,140,5.233613014221191
191,141,5.45201301574707
192,142,5.914852619171143
193,143,6.235172748565674
194,144,6.372189521789551
195,144,6.619302749633789
196,145,6.775131702423096
197,146,6.990533828735352
198,147,7.181093692779541
199,148,7.332423686981201
200,149,7.502543926239014
201,150,7.680673122406006
202,151,7.835752964019775
203,152,8.006866455078125
204,153,8.166439056396484
205,151,8.157584190368652
206,152,8.10157585144043
207,153,8.072715759277344
208,154,8.066289901733398
209,155,8.010525703430176
210,156,7.993041038513184
211,157,8.03860855102539
212,158,8.140233993530273
213,159,8.288641929626465
214,160,8.451445579528809
215,160,8.572687149047852
216,161,8.603584289550781
217,162,8.617364883422852
218,163,8.626708030700684
219,162,8.629853248596191
220,163,8.471173286437988
221,164,8.229132652282715
222,165,8.047483444213867
223,166,7.875720977783203
224,167,7.561534881591797
225,167,7.085711479187012
226,168,6.526724815368652
227,169,5.872588157653809
228,170,5.166374683380127
229,171,4.252089023590088
230,172,3.7442855834960938
231,173,3.4775068759918213
232,174,3.1954336166381836
233,175,2.7211976051330566
234,176,2.5244901180267334
235,177,2.3929898738861084
236,178,2.312854528427124
237,179,2.2386980056762695
238,180,2.1324479579925537
239,181,2.022002696990967
240,182,1.9657268524169922
241,183,1.9123107194900513
242,184,1.8457061052322388
243,185,1.8182953596115112
244,186,1.8179128170013428
245,187,1.8171411752700806
246,188,1.8105735778808594
247,189,1.858771562576294
248,190,1.9408036470413208
249,191,2.013766288757324
250,192,2.0959975719451904
251,193,2.2191250324249268
252,194,2.3365492820739746
253,195,2.4360291957855225
254,196,2.572559356689453
255,197,2.699110984802246
256,198,2.8265440464019775
257,199,2.9641611576080322
258,200,3.039283037185669
259,201,3.1767702102661133
260,202,3.6921446323394775
261,203,4.167065143585205
262,204,4.545475482940674
263,205,4.6957597732543945
264,206,5.083413600921631
265,207,5.581583023071289
266,208,6.209695816040039
267,208,7.208662986755371
268,209,8.097092628479004
269,211,8.928145408630371
270,212,9.682801246643066
271,-1,10.520828247070312
272,-1,11.203743934631348
273,-1,11.781142234802246
274,-1,12.27272891998291
275,-1,12.518589973449707
276,-1,12.153938293457031
277,-1,11.9879150390625
278,-1,11.854591369628906
279,-1,11.676514625549316
280,-1,11.722798347473145
281,-1,11.925573348999023
282,-1,12.258307456970215
283,-1,12.488265037536621
284,-1,12.413064002990723
285,-1,12.353743553161621
286,-1,12.294814109802246
287,-1,12.201221466064453
288,-1,12.047850608825684
289,-1,11.862083435058594
290,-1,11.6591157913208
291,-1,11.420844078063965
292,-1,11.139653205871582
293,-1,10.986836433410645
294,-1,10.825278282165527
295,-1,10.621747970581055
296,-1,10.384581565856934
297,-1,10.140875816345215
298,249,9.878287315368652
299,250,9.547029495239258
300,251,9.25390625
301,252,9.085762977600098
302,253,8.965210914611816
303,254,8.668562889099121
304,255,8.442854881286621
305,256,7.937533378601074
306,257,7.537423610687256
307,258,7.213134288787842
308,258,6.822298049926758
309,259,6.541398048400879
310,260,6.429746627807617
311,261,6.270688533782959
312,262,5.949338436126709
313,263,5.865023612976074
314,264,5.92654275894165
315,265,6.236111164093018
316,266,6.455991744995117
317,267,6.690106391906738
318,268,6.846856594085693
319,270,7.050816059112549
320,271,7.093271255493164
321,272,7.281518936157227
322,273,7.519098281860352
323,274,7.757012844085693
324,275,7.964395523071289
325,275,8.393195152282715
326,276,8.971980094909668
327,278,9.499372482299805
328,-1,10.039826393127441
329,-1,10.40885066986084
330,-1,10.717851638793945
331,-1,10.804534912109375
332,-1,10.764477729797363
333,-1,10.780168533325195
334,-1,10.807840347290039
335,-1,10.774604797363281
336,-1,10.71405029296875
337,-1,10.581530570983887
338,-1,10.436479568481445
339,-1,10.267149925231934
340,-1,10.059577941894531
341,297,9.867514610290527
342,299,9.485142707824707
343,300,8.862093925476074
344,302,8.197583198547363
345,302,7.5377984046936035
346,303,7.122503280639648
347,304,6.756320953369141
348,305,6.18580961227417
349,306,5.851978302001953
350,307,5.721518039703369
351,308,5.451413631439209
352,309,5.355600833892822
353,310,5.2467522621154785
354,311,5.244675159454346
355,312,5.256339073181152
356,313,5.134057521820068
357,314,5.068464279174805
358,315,5.104045391082764
359,316,5.037149906158447
360,317,4.883410930633545
361,317,9.867514610290527
362,319,9.485142707824707
363,320,8.862093925476074
364,322,8.197583198547363
365,322,7.5377984046936035
366,323,7.122503280639648
367,324,6.756320953369141
368,325,6.18580961227417
369,326,5.851978302001953
370,327,5.721518039703369
371,328,5.451413631439209
372,329,5.355600833892822
373,330,5.2467522621154785
374,331,5.244675159454346
375,332,5.256339073181152
376,333,5.134057521820068
377,334,5.068464279174805
378,335,5.104045391082764
379,336,5.037149906158447
380,337,4.883410930633545
